No,楼盘名称,区域位置,价格 (元/平),产权 (年),开发商,物业公司,物业费 (元/平/月),容积率,绿化率（%）
1,华侨城溪山集,渝北,17000.0,50,重庆华侨城实业有限公司,深圳华侨城物业服务有限公司-重庆分公司,3.6,2.9,30.0
2,恒大御景天下,江津,8500.0,50,重庆远拓房地产开发有限公司,恒大金碧物业,3.6,0.62,35.0
3,远洋山水赋,沙坪坝,15000.0,50,重庆远峰置业有限公司,远洋亿家物业管理公司,3.0,1.95,33.0
4,帝岭花园,綦江,11000.0,50,重庆帝岭房地产开发有限公司,重庆枫林秀水物业,2.3,0.3,30.0
5,华侨城云麓台,渝北,19000.0,50,重庆华侨城实业有限公司,深圳华侨城物业服务有限公司-重庆分公司,4.5,1.5,35.0
6,同元御珑苑,长寿,7000.0,50,重庆御珑苑房地产开发有限公司,龙湖物业,2.5,1.6,30.0
7,腾龙居公园华府,江津,7300.0,70,重庆腾龙居实业有限公司,聚龙阁物业有限公司,1.675,2.0,30.0
8,雅居乐富春山居,渝北,16000.0,50,重庆雅恒房地产开发有限公司,雅居乐雅生活服务股份有限公司,3.6,1.26,35.0
9,旭城公园府邸,九龙坡,7700.0,50,重庆旭城置业有限公司,重庆西格玛物业管理有限公司,1.8,1.8,30.0
10,奥山府,北碚,,50,重庆瑞兆置业有限公司,武汉福赛德物业管理有限公司,3.0,1.5,30.0
11,澳海江悦府,涪陵,6300.0,50,重庆澳海汇渠房地产开发有限公司,辽宁澳海物业有限责任公司,1.9,2.0,30.0
12,万科四季花城,北碚,11000.0,50,重庆万宏置业有限公司,成都万科物业服务有限公司重庆分公司,,2.5,30.0
13,财信新界,九龙坡,14000.0,50,财信国兴地产发展股份有限公司,重庆财信物业管理有限公司,3.5,3.0,27.0
14,卓越皇后道,江北,25000.0,50,重庆奔力玖晟房地产开发有限公司,深圳市卓越物业管理股份有限公司,4.0,5.25,25.0
15,南方大学时代,綦江,5000.0,50,重庆南方集团有限公司,南方物管公司,1.75,1.2,46.0
16,重庆泷悦华府,沙坪坝,15000.0,50,重庆六真房地产开发有限公司,电建物业,3.5,1.5,35.0
17,合景泰富映月台,北碚,12855.0,50,"光明地产,重庆奥山房地产开发有限公司",宁骏物业有限公司,3.9,1.5,30.0
18,铺金载水一方,南岸,17000.0,50,重庆铺金房地产开发有限公司,重庆铺金房地产开发有限公司,2.4400000000000004,2.0,30.0
19,东原晴天,沙坪坝,17000.0,50,重庆晶磊房地产开发有限公司,东原物业,2.9,2.5,30.0
20,北城未来,北碚,,50,暂无信息,香港悦华置地物业管理集团,1.0,2.5,30.0
21,海宇中央鑫都,北碚,,50,重庆海宇置业（集团）有限公司,重庆海宇物业管理有限公司,1.5,4.0,30.0
22,佳华北宸里,渝北,,50,重庆佳华物业有限公司,重庆佳华物业管理有限公司,2.7,6.39,15.0
23,国旅颐锦院,北碚,,50,国旅联合重庆颐尚温泉开发有限公司,卡尔森物业顾问,2.8,1.0,40.0
24,南温泉度假小镇,巴南,,50,重庆绿谷开发建设有限公司,重庆豪生物业管理有限公司,2.0,1.5,41.0
25,渝富滨江首岸,沙坪坝,15000.0,50,重庆渝富地产有限公司,重庆渝富地产有限公司,2.7,2.98,30.0
26,仁安里,渝北,,50,重庆仁安置业有限公司,仁安物业管理有限公司,4.0,2.65,30.0
27,融汇半岛水晶公馆,巴南,,50,重庆融华房地产有限公司/重庆融汇实业有限公司,重庆融汇物业管理有限公司,2.5,2.6,16.0
28,重庆永川万达广场,永川,7200.0,50,重庆万达广场置业有限公司,万达物业有限公司,1.4,1.69,21.0
29,国美江天御府,江北,17000.0,50,重庆中房房地产开发有限公司,北京万盛源物业管理有限公司重庆分公司,3.5,1.16,56.0
30,国盛三千城,沙坪坝,,50,重庆国盛物业（集团）有限公司,重庆国强物业管理有限公司,1.8,6.9,30.0
31,金鹏两江时光,渝北,,50,重庆金鹏物业（集团）有限公司,重庆金鹏物业（集团）有限公司,1.6,4.49,35.0
32,中铁山水之韵,南岸,,50,中铁二十局集团房地产开发有限公司,重庆秦渝物业管理有限公司,2.5,1.6,33.0
33,国富沙磁巷,沙坪坝,,50,重庆国富沙磁实业有限公司,重庆国强物业管理有限公司,2.5,4.7,37.0
34,保利山庄梧桐,江北,,50,保利（重庆）投资实业有限公司,保利重庆物业管理有限公司,2.8,0.95,30.0
35,寰宇天下东升府,江北,,50,"中海地产集团有限公司,九龙仓集团有限公司",中海物业,4.2,0.77,35.0
36,奥园水云间,南岸,,50,重庆粤奥置业有限公司,重庆穗奥物业服务有限公司,1.9,1.4,36.0
37,招商晶公馆,渝北,,50,招商局地产（重庆）花园城有限公司,招商局物业管理有限公司重庆分公司,2.2,4.47,30.0
38,升伟中环广场,渝中,,50,重庆伟清房地产开发有限公司,重庆升伟房地产物业有限公司,2.2,3.3,35.0
39,世茂茂悦府,渝北,,50,重庆浚亮房地产开发有限公司,上海南京世茂物业服务公司,3.4,2.5,50.0
40,爱普江城铭著,巴南,14000.0,50,重庆普润房地产开发有限公司,待定,2.8,1.6,35.0
41,中国铁建玖城贰号,九龙坡,17000.0,50,中铁十一局集团重庆房地产开发有限公司,中铁物业,2.2,3.8,35.0
42,紫东国际,渝中,23000.0,50,重庆东畅置业有限公司,上海东昱物业管理有限公司重庆分公司,2.05,9.67,25.0
43,碧桂园天玺湾,涪陵,8550.0,70,重庆碧桂园桥贵房地产开发有限公司,碧桂园物业,2.5,2.18,30.0
44,禹洲雍锦府,北碚,12000.0,50,重庆翔泽房地产开发有限公司,禹洲物业服务有限公司,4.05,1.05,30.0
45,中冶仁和西里,九龙坡,13500.0,50,重庆中冶红城置业有限公司,重庆赛迪物业管理有限公司,2.8,4.25,30.0
46,德感城市广场,江津,4500.0,70,重庆亲禾里房地产开发有限公司,重庆市邦仕物业管理有限公司,1.2,3.0,31.0
47,御景滨江花园,江津,5500.0,50,重庆先壮成房地产开发有限公司,海富物业,1.65,2.23,30.0
48,新城和昱麟云,江津,7000.0,50,重庆东睿房地产开发有限公司,新城悦控股有限公司,2.15,3.0,30.0
49,融景城新融御,江北,22000.0,50,金融街重庆融拓置业有限公司,29.577686,3.0,3.07,25.0
50,东原1891印长江,南岸,50000.0,50,重庆东原地产开发有限公司,重庆新东原物业管理公司,8.25,3.36,30.0
51,汇祥林里3000三期,渝北,,50,重庆汇祥地产发展有限公司,重庆汇祥物业发展有限公司,2.0,2.2,40.0
52,名流印象,北碚,,50,美好置业集团股份有限公司,名流幸福物业,2.6,2.17,35.0
53,建工依山郡,渝北,,40,重庆建工集团房地产开发有限公司,金科物管有限公司,2.65,2.5,30.0
54,恒大御景湾,巴南,,50,重庆恒大鑫鼎置业有限公司,恒大金碧物业,2.3,3.1,30.0
55,国盛园墅,沙坪坝,,50,重庆国盛滨溪房地产开发有限公司,重庆国强物业管理有限公司,3.1,1.2,30.0
56,力帆红星国际广场,渝北,22000.0,50,重庆润田房地产开发有限公司,红星物业公司,3.0,2.76,30.0
57,旅文中央大街,北碚,9600.0,50,重庆旅文建设开发有限公司,重庆瑞庭物业管理有限公司,1.6,3.38,30.0
58,瑞安翠湖天地,渝中,,70,重庆瑞安天地房地产发展有限公司,上海丰诚物业管理有限公司,3.6,5.11,15.0
59,恒大御都会,渝北,,50,恒大地产集团重庆有限公司,金碧物业有限公司重庆分公司,3.0,3.98,30.0
60,国奥村时光漫,江北,,50,重庆国奥实业发展有限公司,重庆国奥村物业服务有限公司,2.5,2.79,31.0
61,华宇上院,渝北,,50,重庆华宇集团有限公司,重庆华宇物业服务有限公司,3.25,2.5,35.0
62,华宇时代星都,沙坪坝,,50,华宇集团·重庆业瑞房地产开发有限公司,重庆华宇物业服务有限公司,2.5,4.0,50.0
63,金科星辰,大渡口,,50,重庆金科房地产开发有限公司,重庆金科物业服务有限公司,2.7,2.07,35.0
64,保利观塘香颂,南岸,,50,重庆葆方房地产开发有限公司,保利重庆物业管理有限公司,3.4,1.1,30.0
65,渝高香洲,九龙坡,,50,重庆渝高科技产业（集团）股份有限公司,成都东景物业管理有限公司,2.8,1.99,54.0
66,蓝光林肯公园,南岸,,50,重庆灿瑞置业有限公司,重庆嘉宝顾问管理有限公司,2.8,2.31,30.0
67,南方书苑湖畔,渝北,,50,重庆南方集团有限公司,重庆南方物业管理有限公司,2.6,2.6,31.0
68,康利尔风花树,巴南,,50,重庆康利尔物业发展有限公司,重庆嘉利安物业管理有限公司,1.8,3.0,36.0
69,华宇阳光尚座,九龙坡,,50,重庆业如房地产开发有限公司,重庆华宇物业服务有限公司,2.5,4.19,36.0
70,欢乐颂,渝北,13000.0,50,重庆泽京吉辉房地产开发有限公司,重庆悦佰家物业管理有限公司,,2.56,30.0
71,巨龙江山国际,江北,,50,重庆巨龙实业有限公司,重庆渝凰物业管理有限公司,1.8,1.8,30.0
72,嘉悦江庭,渝北,,50,重庆两江商务中心置业有限公司,重庆悦来兴城资产经营管理有限公司,2.6,2.5,30.0
73,隆鑫爱琴海,北碚,,50,重庆隆鑫锐智投资发展有限公司,重庆隆鑫物业管理有限公司,3.0,1.8,35.0
74,联发公园里,九龙坡,,50,联发集团重庆房地产开发有限公司,联发集团联发物业公司,2.0,2.0,50.0
75,中核鹅岭一品,渝中,,50,重庆亚峰房地产开发有限公司,重庆盛迪亚物业管理有限公司,1.5,4.93,37.0
76,金瓯理工国际,渝北,8155.0,50,重庆金瓯房地产开发有限公司,重庆赤服物业管理有限公司,1.6,2.5,34.0
77,里面,渝中,,50,重庆大宇房地产开发有限公司,重庆金科物业公司,3.2,5.89,25.0
78,新江与城清晖时光,渝北,,50,重庆龙湖地产发展有限公司,重庆龙湖物业管理有限公司,3.5,1.6,40.0
79,融汇半岛观江,巴南,,50,重庆融华房地产有限公司,重庆融汇物业管理有限公司,2.6,2.03,30.0
80,财信铂雲府,九龙坡,19000.0,50,重庆兴财茂置业有限公司,重庆财信物业管理有限公司,3.0,2.68,30.0
81,金沙御景,綦江,7200.0,50,重庆四联房地产开发有限公司,君航物业公司,2.2,1.2,46.0
82,雨亭淞江水岸,綦江,4500.0,50,重庆市綦江区雨亭房地产开发有限公司,重庆兴宇物业管理有限公司,1.3,2.6,30.0
83,水岸花都,江津,6200.0,50,重庆市都美成房地产开发有限责任公司,重庆斌鑫物业管理公司,1.1,2.97,32.0
84,嘉阅滨江,沙坪坝,15000.0,50,"重庆东博智合房地产开发有限公司,重庆励东融合房地产开发有限公司",东原物业,2.9,2.5,30.0
85,三特凤鸣朝阳,沙坪坝,12700.0,50,重庆三特实业有限公司,成都万科物业服务有限公司,2.6,5.0,30.0
86,蓝光芙蓉公馆,渝北,16000.0,50,重庆宇晟置业有限公司,重庆嘉宝管理顾问有限公司,2.9,2.72,30.0
87,保亿御景玖园,北碚,14000.0,50,保亿荣钰重庆房地产开发有限公司,保亿物业,3.15,1.5,35.0
88,合谊榕府,长寿,5200.0,50,重庆丰容房地产有限公司,合谊物业,1.6,2.5,35.0
89,中伦金海岸,渝北,19000.0,50,重庆中伦物业发展有限公司,重庆集美嘉铭物业管理有限公司,3.1,2.0,30.0
90,汇景铂庭,沙坪坝,,50,重庆汇东房地产开发有限公司,重庆永乐物业管理有限公司,1.6,3.0,30.0
91,凤凰湾,江北,,50,重庆宏帆实业有限公司,重庆宏帆实业有限公司,2.2,2.93,35.0
92,海宇西苑,北碚,,50,重庆海宇置业（集团）有限公司,重庆海宇物业管理有限公司,1.8,2.0,32.0
93,招商依云江湾,巴南,,50,重庆招商依云房地产有限公司,招商局物业管理有限公司重庆分公司,2.8,1.1,35.0
94,金辉御江府,南岸,,50,重庆金辉长江房地产有限公司,北京金辉锦江物业服务有限公司（重庆分公司）,3.0,3.18,35.0
95,美利山公园城市,渝北,18000.0,50,重庆首钢房地产开发有限公司,重庆美利山物业服务有限公司,1.9,1.5,60.0
96,海志观月山水,渝北,,50,重庆海志实业有限公司,重庆高博物业服务公司,2.2,2.5,36.0
97,融汇半岛C公馆,巴南,,50,重庆融华房地产有限公司/重庆融汇实业有限公司,重庆融汇物业管理有限公司,2.2,3.9,30.0
98,融汇温泉城童话里,沙坪坝,,50,重庆融汇投资有限公司,重庆融汇物业管理有限公司,2.5,4.0,32.0
99,曦圆青岗湾,巴南,,50,重庆曦圆房地产开发有限公司,重庆欣意物业管理有限公司,1.95,3.0,30.0
100,萱花与山府,永川,5000.0,50,重庆市竣发房地产开发有限公司,待定,1.75,2.5,30.0
101,黛山道8号,璧山,8000.0,50,重庆美城金房地产开发有限公司,金科物业,2.5,2.0,35.0
102,桓大绿岛名都,璧山,9500.0,50,重庆市桓大建设集团房地产开发有限公司,重庆桓威物业管理有限公司,2.2,1.8,30.0
103,升伟云熙台,璧山,8000.0,50,重庆市璧山区伟清房地产开发有限公司,鸿果物业管理有限公司,2.6,1.5,35.0
104,御华兰亭,巴南,9300.0,50,重庆星界置业有限公司,福州融侨物业管理有限公司,3.05,2.26,35.0
105,华宇旭辉御璟湖山,渝北,22000.0,50,重庆华宇盛泰房地产开发有限公司,重庆华宇物业服务有限公司,3.5,2.72,30.0
106,龙湖星图,渝北,19000.0,50,重庆龙湖地产发展有限公司,龙湖物业,3.5,0.6,60.0
107,重庆天地翡翠云阶,渝中,23000.0,70,重庆瑞安天地房地产发展有限公司,成都万科物业服务有限公司,3.5,8.56,35.0
108,奥园金澜湾,綦江,6500.0,50,重庆博昂置业有限公司,广州奥园物业服务有限公司重庆分公司,2.2,1.2,50.0
109,龙湖嘉天下,巴南,12000.0,50,重庆龙湖朗晟房地产开发有限公司,重庆龙湖物业管理有限公司,2.8,1.2,35.0
110,两江名苑伯克林,渝北,,50,重庆辰伊置业有限公司,重庆新仁和物业管理有限公司,3.0,2.0,35.0
111,财信沙滨城市,沙坪坝,,50,重庆弘信房地产开发有限公司,重庆财信物业管理有限公司,2.2,3.89,30.0
112,桥达蓝湾半岛,渝北,15000.0,50,重庆作平置业有限公司,重庆市桥达物业有限公司,1.85,2.5,30.0
113,弘悦101,九龙坡,14500.0,50,重庆弘悦置业有限公司,重庆致兴物业服务有限公司,2.2,3.5,25.0
114,双山世家,九龙坡,,50,重庆都康置业有限公司,重庆美和物业管理有限公司,2.0,2.0,30.0
115,恒大未来城,沙坪坝,,50,重庆开阳房地产开发有限公司,金碧物业管理有限公司,2.5,3.0,40.0
116,江厦星光汇,九龙坡,,50,重庆江厦徐汇置业有限公司,重庆小康物业有限责任公司,2.5,4.22,12.0
117,和泓江山国际,渝中,,50,重庆和泓嘉业投资有限公司,重庆和泓物业服务有限公司,2.8,5.44,25.0
118,天晋,渝北,,50,重庆市都凯润房地产开发有限公司,重庆赛和物业管理有限公司,2.5,2.5,35.0
119,中房那里,九龙坡,,50,重庆中房嘉汇房地产开发有限公司,中交物业,1.8,4.0,35.0
120,奥体中央公园,涪陵,5700.0,50,重庆广驰投资有限公司,圣兴物业,1.5,2.14,35.0
121,万科金域学府,南岸,,50,"万科（重庆）房地产有限公司,重庆云畔置业有限公司",万科物业有限公司,3.4,3.46,31.0
122,启迪协信星麓原,巴南,,50,重庆远沛房地产开发有限公司,重庆天骄爱生活服务股份有限公司,3.5,2.5,35.0
123,中交中央公园,渝北,16000.0,50,重庆中交西南置业有限公司,重庆绿城物业管理有限公司,3.5,2.71,32.0
124,华融现代城,江北,12000.0,50,重庆华融置富房地产开发有限责任公司,重庆桦澳物业管理有限公司,2.0,3.99,30.0
125,升伟一里南滨,南岸,20000.0,50,重庆伟清房地产开发有限公司,重庆鸿果物业管理有限公司,3.0,3.5,35.0
126,金科金辉博翠山,北碚,,50,重庆金佳禾房地产开发有限公司,重庆金科物业服务有限公司,3.15,1.3,35.0
127,和玉天籁城,永川,5200.0,50,重庆和玉房地产开发有限公司,重庆四阳物业管理有限公司,1.5,3.47,45.0
128,融创九棠府,渝北,,50,重庆乐视界置业发展有限公司,重庆融创物业管理有限公司,3.3,1.6,30.0
129,西派城,江北,,50,中铁房地产集团重庆有限公司,中铁建物业管理有限公司重庆分公司,4.2,3.9,35.0
130,恒大轨道时代,渝北,17000.0,50,恒大地产重庆有限公司,恒大金碧物业,3.0,2.92,30.0
131,万科翡翠公园,渝北,19500.0,50,重庆柯航置业有限公司,成都万科物业服务有限公司重庆分公司,4.0,2.0,30.0
132,朗基水印三生,沙坪坝,15000.0,50,重庆朗汇房地产开发有限公司,重庆朗基物业服务有限公司,3.5,1.5,35.0
133,璟樾云山,巴南,,50,重庆卓越房地产开发公司,新希望鼎盛物业,2.6,2.5,35.0
134,远洋朗基枫桦四季,沙坪坝,12000.0,50,重庆市远朗溥天房地产开发有限公司,重庆腾基物业管理有限公司,3.3,2.5,35.0
135,象屿观悦府,渝北,,50,象屿地产集团有限公司,象屿物业管理有限公司,3.0,4.31,35.0
136,恒产锦绣江南,万州,8500.0,70,重庆恒产房地产开发有限公司,重庆市亘恒物业管理有限公司,1.6,2.5,36.0
137,俊豪城,璧山,9000.0,50,重庆璧晖实业有限公司,重庆俊豪物业管理有限责任公司璧山分公司,2.3,1.86,35.0
138,华润置地润西山,沙坪坝,11000.0,50,重庆华润置地发展有限公司,华润物业,2.9,2.3,30.0
139,康田澜山樾,南岸,14000.0,50,重庆康田米源房地产开发有限公司,重庆康田资产管理有限公司,3.5,1.5,30.0
140,碧桂园翡翠世家,南川,6000.0,50,重庆鹏碧房地产开发有限公司,广东碧桂园物业服务股份有限公司重庆南川分公司,2.55,2.33,41.0
141,裕城长江著,江津,7400.0,70,重庆市江津区裕城瑞博置业有限公司,龙湖物业,2.0,2.64,35.0
142,阳光100阿尔勒,巴南,9800.0,50,重庆嘉道房地产开发有限公司,重庆豪生物业管理有限公司,2.8,1.05,40.0
143,金隅新都会,南岸,15000.0,50,重庆金隅地产集团,上海永升物业管理有限公司重庆分公司,2.8,3.0,35.0
144,云鼎栖山1号院,九龙坡,6000.0,50,重庆创大地产集团有限公司,重庆恒顿云鼎物业管理有限公司,1.9,3.0,30.0
145,棕榈泉壹号,渝北,29000.0,40,重庆棕榈泉房地产开发有限公司,重庆棕榈泉联英物业服务有限公司,12.0,6.13,30.0
146,融侨首玺,南岸,23500.0,50,重庆融侨锦江房地产开发有限公司,融侨物业,3.8,2.5,35.0
147,华福58,九龙坡,12000.0,50,重庆泽笙实业有限公司,重庆泽笙实业有限公司,2.1,2.5,30.0
148,万科彩云湖,九龙坡,22000.0,50,重庆上彩置业有限公司,成都万科物业服务有限公司重庆分公司,3.0,2.5,35.0
149,融堃港城小时代,江北,,50,重庆市利百旺房地产开发有限公司,重庆融臻物业管理有限公司,2.1,4.0,30.0
150,融创白象街,渝中,,50,重庆融创凯旋置业有限公司,重庆融创物业管理有限公司,4.0,4.0,25.0
151,北城阳光尚线,渝北,,50,重庆致恒置地有限公司,重庆北城物业管理有限公司,2.85,5.1,30.0
152,鲁能南渝星城,巴南,8200.0,50,重庆鲁能（集团）开发有限公司,北京鲁能物业管理有限责任公司重庆分公司,2.4,3.97,35.0
153,金科城,北碚,14000.0,50,重庆金科汇茂房地产开发有限公司,重庆金科物业管理有限公司,3.2,2.65,35.0
154,巴南府邸,巴南,10000.0,50,重庆源聚房地产开放有限公司,重庆居美佳物业管理有限公司,1.8,3.17,30.0
155,金阳第一农场大学城,沙坪坝,,50,重庆南恒置业有限公司,金太阳物业+碧桂园物业,3.0,1.69,35.0
156,骄杨理想城,九龙坡,7300.0,50,重庆骄杨地产有限公司,重庆骄杨物业管理有限公司,1.0,2.0,30.0
157,和威山千院,九龙坡,7500.0,50,重庆和威房地产开发有限公司,重庆吉宇物业管理有限公司,1.6,2.0,30.0
158,天盈首原,南岸,17600.0,50,重庆天盈置地有限公司,香港戴德梁行物业管理有限公司,3.0,2.0,30.0
159,华侨城云溪别院,渝北,,50,重庆华侨城实业发展有限公司,深圳华侨城物业服务有限公司-重庆分公司,4.0,2.62,30.0
160,金融街融御,江北,,50,金融街重庆融拓置业有限公司,北京金融街第一太平戴维斯物业管理有限公司,3.0,2.02,35.0
161,富州新城兰亭,沙坪坝,,50,重庆富州房地产开发有限公司,重庆富州物管公司,2.5,3.5,30.0
162,富州北郡,渝北,,50,重庆润瑞房地产开发有限公司,重庆富州物业管理有限公司,2.0,3.03,30.0
163,华宇龙湾,巴南,,50,重庆华宇集团有限公司,重庆华宇物业服务有限公司,3.25,2.0,40.0
164,保利江上明珠乐园,江北,,50,保利（重庆）投资实业有限公司,保利重庆物业管理有限公司,1.8,4.5,30.0
165,浩博几米阳光,巴南,,50,重庆浩博实业（集团）有限公司,重庆远洋物业管理有限公司,2.5,2.0,30.0
166,远洋城,九龙坡,,50,重庆远基房地产开发有限公司,重庆腾基物业管理有限公司,2.6,4.9,30.0
167,富力湾,渝北,,50,重庆富力嘉盛房地产开发有限公司,广州天力物业有限公司,3.15,1.52,35.0
168,江与城,渝北,,50,重庆兴龙湖置地发展有限公司,重庆新龙湖物业管理有限公司,3.0,1.09,60.0
169,保亿丽景紫园,北碚,,50,保亿置业（重庆）有限公司,浙江保亿物业服务有限公司,2.35,2.0,35.0
170,恒大林溪郡,九龙坡,8300.0,50,上海城开集团重庆德普置业有限公司,恒大金碧物业,2.3,2.5,30.0
171,中建龙玺台,九龙坡,20000.0,50,重庆中建信和嘉琅置业有限公司,中建物业服务有限公司,3.25,3.5,30.0
172,中建御湖壹号,九龙坡,14500.0,50,重庆天成缘江置业有限公司,江苏万园物业管理有限公司,2.3,3.5,32.0
173,泽科空港中心,渝北,17500.0,50,重庆海上行置业发展有限公司,泽科集团重庆物业服务有限公司,2.9,2.23,27.0
174,君临南山崇德府,南岸,15000.0,50,重庆金瑜盛实业有限公司,重庆助友创美物业管理有限公司,3.0,1.1,38.0
175,桥达茂宸广场,渝北,15000.0,50,重庆市涪陵金宏房地产开发有限公司,重庆市桥达物业有限公司,2.8,3.0,35.0
176,荣安林语春风,大渡口,11600.0,50,重庆康甬置业有限公司,荣安物业,2.9000000000000004,2.79,35.0
177,金辉长江铭著,南岸,19000.0,50,重庆金辉长江房地产有限公司,北京金辉锦江物业服务有限公司（重庆分公司）,3.5,2.38,35.0
178,弘阳时光澜庭,九龙坡,8800.0,50,重庆柏景铭厦置业有限公司,南京弘阳物业管理有限公司,2.6,3.0,35.0
179,重庆合景誉峰,渝北,22500.0,50,重庆凯竣房地产开发有限公司,广州市宁骏物业管理有限公司重庆分公司,3.6,2.5,30.0
180,桥达天蓬樾府,渝北,14000.0,50,重庆桥达茂宸房地产开发有限公司,重庆市桥达物业有限公司,3.5,1.2,30.0
181,恒大中央广场,江北,20000.0,50,重庆恒大鑫溉置业有限公司,金碧物业有限公司重庆分公司,3.0,6.44,34.0
182,恒大御龙天峰,江北,,50,重庆尖置房地产有限公司,恒大金碧物业管理有限公司,3.0,4.2,30.0
183,龙湖新壹街,江北,27000.0,50,重庆龙湖嘉凯地产开发有限公司,重庆集美嘉铭物业管理股份有限公司,4.9,5.2,25.0
184,两江春城,江北,,50,重庆中华置业有限公司,戴德梁行物业顾问云玺物业管理有限公司,3.0,2.45,33.0
185,中交锦悦,巴南,12000.0,50,重庆中交置业有限公司,中交物管公司,2.4,2.47,30.0
186,恒大世纪城,渝北,16800.0,50,重庆永利置业有限公司,恒大金碧物业,2.8,2.5,30.0
187,华美翡丽山,江北,,50,重庆华美鼎丰置业有限公司,重庆金科物业公司,3.0,2.19,35.0
188,协信公馆,渝中,30000.0,50,重庆协信控股（集团）有限公司,新域物业,3.5,5.5,25.0
189,绿城两江御园,渝北,14000.0,50,重庆两江新区置业发展有限公司,浙江绿城物业管理有限公司,2.8,1.1,30.0
190,斌鑫江南时代,巴南,,50,重庆斌鑫集团有限公司,重庆斌鑫物业管理有限公司,1.6,2.49,36.0
191,金科空港城,渝北,10770.0,50,重庆金科坤基房地产开发有限公司,重庆金科物业服务有限公司,2.3,2.5,30.0
192,典雅花溪半岛,巴南,8500.0,50,重庆君融置业有限公司,典雅物业有限公司,2.15,1.98,36.0
193,恒大香山华府,九龙坡,,50,重庆恺成房地产开发有限公司,恒大地产集团金碧物业有限公司重庆分公司,2.5,1.89,30.0
194,云飞九龙香山,九龙坡,,50,重庆云飞锦源房地产开发有限公司,重庆云飞物业发展有限公司,2.0,2.5,40.0
195,保利观澜,江北,16000.0,50,保利（重庆）投资实业有限公司,重庆保利物业管理有限公司,2.6,4.28,51.0
196,中辅小时代,九龙坡,,50,重庆远初房地产开发有限公司,重庆景全物业有限公司,2.18,3.99,30.0
197,金辉优步大道,九龙坡,,50,重庆金辉长江房地产有限公司,重庆金辉物业管理有限公司,2.0,4.0,30.0
198,金隅大成时代都汇,南岸,15000.0,50,重庆金隅大成山水置业有限公司,第一太平戴维斯（北京）顾问有限公司,2.0,3.36,33.0
199,居易天城,渝北,,50,重庆市居易房地产开发有限公司,凌峰物业管理公司,1.8,2.5,30.0
200,中国铁建西派时代,巴南,14332.0,50,重庆建联新房地产开发有限公司,中铁建（北京）物业管理有限公司重庆分公司,2.6,3.0,30.0
201,金科集美天宸,永川,5800.0,50,宇涵房地产开发有限公司,金科物业服务集团有限公司,2.3,3.11,35.0
202,奥园天悦湾,北碚,11000.0,50,重庆奥骄房地产开发有限公司,重庆希博物业管理有限公司,1.9,1.94,38.0
203,望山国际,九龙坡,,50,重庆渝铁房地产开发有限责任公司,中铁建（北京）物业管理有限公司,2.8,3.0,30.0
204,金科天壹府,璧山,7500.0,50,重庆金帛藏房地产开发有限公司,金科物业,2.5,2.0,35.0
205,华润琨瑜府,北碚,12000.0,50,重庆华润置地渝新房地产有限公司,华润物业管理有限公司,2.6,2.0,30.0
206,金科集美锦湾,巴南,11000.0,50,重庆南锦联房地产开发有限公司,金科物业服务集团,2.9000000000000004,2.8,35.0
207,万科十七英里,北碚,,50,重庆嘉畔置业有限公司,万科物业发展有限公司,3.29,1.01,35.0
208,中建瑾和城,沙坪坝,14800.0,50,重庆中建信和嘉琅置业有限公司,中建物业服务有限公司,2.8,2.5,30.0
209,润丰领尚,璧山,5000.0,50,重庆吉厦房地产开发有限公司,润丰四季物业有限公司,1.2,1.67,71.0
210,隆鑫盛世普天,九龙坡,,50,重庆晋愉地产股份有限公司,重庆隆鑫物业管理有限公司,3.0,2.5,25.0
211,佳兆业广场,巴南,,50,重庆深联投资有限公司,重庆佳兆业物业管理有限公司,2.2,3.6,30.0
212,嘉和香水湾,永川,6800.0,50,重庆市大仁房地产开发有限公司,第一太平戴维斯（北京）顾问有限公司,1.6,2.5,37.0
213,渝高幸福九里,大渡口,,50,重庆渝高科技产业（集团）股份有限公司,渝高文豪仕酒店管理有限公司,2.3,3.11,31.0
214,中昂彩云台,九龙坡,,50,重庆瀚文实业有限公司,中昂物业管理有限公司重庆分公司,2.7,3.75,30.0
215,普瑞花园,南岸,,50,重庆普瑞置业有限责任公司,重庆大正物业管理有限公司,1.7,2.0,40.0
216,中铁北美时光,南岸,,50,中铁二十局集团房地产开发有限公司,重庆秦渝物业管理有限公司,2.0999999999999996,1.72,30.0
217,国兴北岸江山,江北,,50,重庆国兴置业有限公司,重庆财信物业管理有限公司,2.5,3.66,50.0
218,奥园越时代C区,南岸,,50,重庆奥誉置业有限公司,重庆穗奥物业服务有限公司,1.6,2.0,35.0
219,绿地城,大渡口,,50,重庆绿地申炎房地产开发有限公司,滨锋物业服务有限公司,2.5,2.5,35.0
220,上实海上海,北碚,,50,重庆海上海置业有限公司,重庆枫林秀水物业管理有限公司,1.9,1.82,35.0
221,东原九城时光,九龙坡,,50,南方东银置地有限公司,重庆新东原物业管理有限公司,2.5,3.7,30.0
222,大雅云居山,渝北,,50,重庆大雅地产有限公司,汇雅物业,2.2,2.99,32.0
223,江屿朗廷,渝中,,50,重庆骏建房地产开发有限公司,重庆市江宇物业管理有限公司,2.0,4.3,30.0
224,法蓝西莊邸蓝铂湾,南岸,,50,重庆广万房地产开发有限公司,重庆市迪泰物业管理有限公司,3.6,0.96,46.0
225,大川滨水城,江北,,50,重庆大川集团房地产开发有限公司,重庆大川物业管理有限公司,1.8,2.3,35.0
226,商社时代,渝中,,50,重庆商社投资有限公司,重庆鼎鹏物业,1.9,3.0,30.0
227,品鉴康养小镇,北碚,6500.0,50,重庆商社润物现代农业开发有限公司,重庆润冠物业管理有限公司,2.2,1.15,40.0
228,华宇金沙东岸,沙坪坝,,50,重庆业瑞房地产开发有限公司,重庆华宇物业服务有限公司,2.2,3.5,25.0
229,龙湖拉特芳斯,沙坪坝,,50,重庆龙湖嘉博地产发展有限公司,重庆新龙湖物业公司,3.1,2.21,30.0
230,祥豪维多利亚港湾,江津,,50,重庆祥豪置业有限公司,重庆祥豪物业有限公司,2.5,0.99,35.0
231,东旭御江湾,巴南,12000.0,50,东旭启德,龙湖物业,3.5,1.5,35.0
232,璧玉城,璧山,7800.0,50,重庆雅苑房地产开发有限公司,重庆富川物业管理服务有限公司,1.3,5.82,25.0
233,朗诗乐府,北碚,,50,上海朗诗投资管理有限公司,朗诗物管公司,3.15,1.56,35.0
234,澳海顺园公馆,涪陵,7000.0,50,重庆澳海汇渠房地产开发有限公司,沈阳澳海物业管理有限公司,1.7999999999999998,2.5,30.0
235,桓大东方国际,璧山,5700.0,50,重庆市桓大建设集团房地产开发有限公司,重庆桓威物业有限公司,1.0,3.2,50.0
236,卓越·中寰,九龙坡,21000.0,50,卓越置业集团重庆两江有限公司,卓越物业,3.5,3.5,25.0
237,首创天阅嘉陵,沙坪坝,15000.0,50,重庆首汇置业有限公司,北京首万物业服务有限公司重庆分公司,3.3,3.25,35.0
238,碧桂园东原合能千屿,南岸,17000.0,50,重庆市南岸区碧和原房地产开发有限公司,重庆东桂合物业公司,3.5,2.12,35.0
239,荣润半山国际,綦江,4600.0,50,重庆荣润置业有限公司,重庆君航物业管理有限公司,1.5,2.7,35.0
240,和记黄埔珊瑚水岸二期,南岸,,50,玉环县长江房地产实业有限公司,家利物业管理（重庆）有限公司,2.0,3.51,30.0
241,书香溪墅,沙坪坝,10000.0,50,重庆国夏房地产开发有限公司,重庆国瑞物业公司,2.35,1.55,35.0
242,长嘉汇一期,南岸,16000.0,50,重庆招商置地开发有限公司,招商局物业管理有限公司重庆分公司,2.9,3.98,36.0
243,万科金域蓝湾,渝北,,50,重庆勇拓置业有限公司,成都万科物业服务有限公司重庆分公司,3.35,2.3,35.0
244,光华安纳溪湖,南岸,13500.0,50,重庆华颂房地产开发有限公司,光华物业有限公司,3.5,1.5,39.0
245,美心江与江南,南岸,,50,重庆美心房地产开发有限公司,重庆美心物业管理有限公司,1.65,2.49,30.0
246,春语江山,渝中,21000.0,50,重庆春语实业(集团)有限公司,重庆云峰物业管理有限公司,3.5,3.0,38.0
247,华宇城,沙坪坝,,50,重庆华宇物业（集团）有限公司,重庆华宇物业服务有限公司,3.5,3.32,26.0
248,融景城,江北,24000.0,50,金融街重庆融拓置业有限公司,北京金融街第一太平戴维斯物业管理有限公司,3.0,4.65,30.0
249,棕榈泉悦江国际,渝北,22500.0,50,重庆棕榈泉长青置业有限公司,重庆棕榈泉联英物业服务有限公司,5.25,2.5,30.0
250,中昂嘉御湾,沙坪坝,,50,重庆中昂地产有限公司,中昂物业管理有限公司重庆分公司,1.8,3.46,30.0
251,金科天元道,渝北,17000.0,50,重庆市金科实业集团弘景房地产开发有限公司,重庆金科物业服务有限公司,3.25,2.71,30.0
252,北京城建龙樾湾,九龙坡,,50,北京城建重庆地产有限公司,北京城建重庆物业管理有限公司,2.0,1.8,30.0
253,金科中央华府,南岸,,50,重庆金科亿佳房地产开发有限公司,重庆金科物业管理公司,2.8,1.8,30.0
254,铭鑫鼎尚源,大渡口,,50,重庆铭鑫地产开发有限公司,重庆吉合物业管理有限公司,2.25,2.31,33.0
255,蓝光帕提欧,南岸,,50,重庆炜坤置业有限公司,重庆嘉宝顾问管理有限公司,2.5,3.0,30.0
256,金辉城耀江府,南岸,,50,重庆金辉长江房地产有限公司,重庆金辉锦江物业服务有限公司,3.5,1.35,35.0
257,融创滨江壹号,沙坪坝,,50,重庆融创阳煤朗裕置业有限公司,重庆融创物业管理有限公司,2.6,3.92,30.0
258,万科西城一期,九龙坡,,50,重庆林畔花园置业有限公司,成都万科物业服务有限公司重庆分公司,2.6,4.5,30.0
259,富力城书香里,沙坪坝,,50,重庆富力房地产开发有限公司,广州天力物业有限公司,2.1,2.52,30.0
260,观山御璟,南岸,12500.0,50,重庆渝锦悦房地产开发有限公司,新希望物业,2.6,2.16,35.0
261,万州恒大御景半岛,万州,8500.0,50,重庆恒永房地产开发有限公司,恒大地产集团金碧物业有限公司,2.95,1.48,30.0
262,融信澜湾,巴南,12000.0,50,重庆融永房地产开发有限公司,融信世欧物业管理集团有限公司,2.95,2.0,37.0
263,金沙玖悦,沙坪坝,,50,重庆昌熙房地产开发有限公司,上海永升物业管理有限公司重庆分公司,3.0,3.25,35.0
264,双福新鸥鹏拉菲公馆,江津,7500.0,70,重庆江鸥置业有限公司,重庆新鸥鹏物业管理（集团）有限公司,2.15,2.7,35.0
265,双福时代广场,江津,7300.0,50,重庆嘉飞置业有限公司,凌寓物业服务有限公司,1.8,3.0,30.0
266,恒大云湖上郡,渝北,10797.0,50,重庆航悦置业有限公司,金碧物业有限公司重庆分公司,4.05,0.97,35.0
267,卓越西麓九里,大渡口,14000.0,50,重庆寰宸房地产开发有限公司,卓越物业,3.2,2.0,35.0
268,联发君领西城,大渡口,15000.0,50,重庆联筑房地产开发有限公司,联发集团物业公司,3.2,2.0,40.0
269,碧桂园翡翠蓝山,南川,6600.0,50,重庆市南川区碧桂园悦碧房地产开发有限公司,广东碧桂园物业服务股份有限公司重庆南川分公司,2.3,2.43,35.0
270,蓝光水岸公园,巴南,9000.0,50,重庆蓝光和骏置业有限公司,嘉宝物业管理有限公司,2.9000000000000004,3.8,35.0
271,财信融创九阙府,南岸,18000.0,50,重庆信创置业有限公司,财信物业管理有限公司,3.3,1.5,30.0
272,金科博翠园,南岸,15000.0,50,重庆品锦悦房地产开发有限公司,金科物业,3.0,2.13,34.0
273,力帆翡翠华府,北碚,12500.0,50,重庆力帆置业有限公司,重庆渝宸物业服务有限公司,3.5,1.58,30.0
274,龙湖西宸原著,沙坪坝,13000.0,50,重庆龙湖拓骏地产发展有限公司,重庆龙湖物业管理有限公司,5.0,1.5,35.0
275,格力两江总部公园,江北,12500.0,50,格力地产股份有限公司,珠海格力地产物业服务股份有限公司,2.8,3.0,30.0
276,美的金科郡,沙坪坝,14000.0,50,重庆美科房地产开发有限公司,重庆美科房地产开发有限公司,3.5,2.16,35.0
277,荣盛滨江华府,巴南,,50,重庆荣盛鑫煜房地产开发有限公司,荣盛物业管理有限公司,2.65,1.9,35.0
278,中海天钻,渝北,,50,重庆中海兴城房地产开发有限公司,中海物业集团有限公司,5.5,3.0,30.0
279,清能小南海花园,巴南,,50,重庆清能置业有限公司,碧桂园物业管理有限公司,2.5,1.5,36.0
280,中国铁建香漫溪岸,璧山,7500.0,50,重庆合绘房地产开发有限公司,中铁十一局集团武汉物业管理有限公司重庆分公司,2.15,2.6,38.0
281,重庆中心,渝中,26500.0,50,重庆爱普地产集团有限公司,钓鱼台美高梅公司,7.0,8.73,30.0
282,阳光城新希望翡丽锦悦,巴南,9300.0,50,重庆光锦房地产开发有限公司,阳光城物业,2.8499999999999996,2.22,35.0
283,御临府,渝北,13000.0,50,重庆两江新区新榈实业有限公司,华宇第一太平戴维斯物业管理公司,3.2,2.08,35.0
284,融汇半岛天澜,巴南,13000.0,50,重庆融汇实业有限公司,重庆融汇物业管理有限公司,2.6,3.3,15.0
285,万科翡翠都会,渝中,,50,重庆捷创置业有限公司,万科物业有限公司,3.98,5.15,30.0
286,重庆蘭园,江北,29593.0,50,重庆绿城致臻房地产开发有限公司,绿城物业,4.7,2.5,35.0
287,金融街融府,沙坪坝,15000.0,50,金融街重庆融航置业有限公司,第一戴维斯,3.5,2.6,32.0
288,协信哈罗国际中国,渝北,13000.0,50,重庆远浦房地产开发有限公司,重庆天骄爱生活服务股份有限公司,3.5,1.23,50.0
289,龙湖春江天镜,巴南,15000.0,50,重庆龙湖朗骏房地产开发有限公司,重庆龙湖物业服务集团有限公司,2.8,2.98,30.0
290,天誉智慧城,南岸,18500.0,50,天誉置业（控股）有限公司,成都万科物业服务有限公司重庆分公司,2.92,3.81,30.0
291,巴滨一号璀璨滨江,巴南,11000.0,50,重庆赵李房地产开发有限公司,重庆欣意物业管理有限公司,3.2,2.5,30.0
292,中德时光岭,北碚,12000.0,50,重庆中德地产集团有限公司,重庆百佳润物业有限公司,3.15,1.9,30.0
293,观音桥25号,江北,18000.0,50,江田房地产开发有限公司,重庆市瑞源物业酒店管理有限公司,3.8,2.5,20.0
294,寿城水岸,长寿,4300.0,50,重庆乐至置业发展有限公司,特丽洁物业,1.3,3.96,31.0
295,中南玖宸,北碚,14000.0,50,重庆锦腾房地产开发有限公司,中南物业有限公司,2.85,2.5,30.0
296,金科联发東悦府,南岸,15000.0,50,重庆金江联房地产开发有限公司,重庆金科物业管理有限公司,3.0,2.1,35.0
297,中国铁建东林道,璧山,7000.0,50,重庆铁发房地产开发有限公司,重庆铁发物业管理有限公司,2.3,3.01,35.0
298,中建瑜和城,巴南,8900.0,50,中建信和地产有限公司,湖南中建物业服务有限公司（重庆分公司）,2.3,3.77,30.0
299,城海滨江春城,江津,8000.0,70,重庆城海实业发展有限公司,重庆城之海物业有限公司,2.5,1.5,38.0
300,重庆天安数码城江畔珑园,大渡口,,50,重庆天安数码城有限公司,天安物业重庆分公司,2.5,3.0,31.0
301,保利堂悦,南岸,14000.0,50,保利（重庆）投资实业有限公司,保利物业公司,3.5,1.44,30.0
302,京汉凤凰城,巴南,11000.0,50,重庆市汉基伊达置业有限公司,乐生活,2.4,3.71,37.0
303,金科集美郡,江津,7500.0,50,重庆御立置业有限公司,金科物业服务集团,2.4000000000000004,2.0,35.0
304,尚格锦园,渝北,,50,重庆尚格置业有限公司,重庆集美嘉铭物业公司,2.0,3.47,35.0
305,重庆湾1号,南岸,,40,重庆泰正集团有限公司,业主自筹物业,2.5,9.85,
306,朵力迎宾大道,大渡口,,50,重庆钢铁集团朵力房地产股份有限公司,重庆朵力物业管理有限公司,2.0,3.0,35.0
307,千威先生的洋房,渝北,,50,重庆千威地产有限公司,四川佳禾物业服务有限公司,2.0,2.0,35.0
308,渝开发上城时代,巴南,,50,重庆渝开发股份有限公司,重庆渝开发物业管理有限公司,1.2,3.7,35.0
309,中国核建紫金一品,南岸,,50,重庆核盛房地产开发有限公司,万科物业有限公司,2.9,3.82,36.0
310,阳光100喜马拉雅,南岸,30000.0,50,重庆渝能壹佰房地产开发有限公司,兰博基尼物业,10.0,3.75,43.0
311,金阳金佛山第一农场,南川,,70,重庆金阳房地产开发有限公司,碧桂园物业,3.5,1.0,30.0
312,北大资源江山名门,江北,17500.0,50,重庆盈丰地产有限公司,北大资源物业经营管理集团有限公司,2.09,2.25,39.0
313,鹅岭峯,渝中,35000.0,50,重庆鹅岭山房地产开发有限公司,万科物业有限公司,8.0,1.31,58.0
314,北京城建云熙台,九龙坡,,50,北京城建重庆地产有限公司,北京城建物业有限公司,2.6,0.73,30.0
315,华南城巴南华府,巴南,7800.0,50,重庆华南城有限公司,第一亚太有限公司,2.6,2.0,35.0
316,桃源居国际花园,渝北,13500.0,50,桃源居（重庆）房地产开发有限公司,世外桃源物业管理有限公司,2.0,0.66,60.0
317,协信天骄溪悦,巴南,,50,重庆远达房地产开发有限公司,重庆协信天骄物业管理公司,1.9,1.83,35.0
318,澳海御江苑,涪陵,7000.0,50,重庆澳海汇渠房地产开发有限公司,沈阳澳海物业管理有限公司,1.7999999999999998,2.3,30.0
319,铂悦澜庭,南岸,,50,重庆至元成方房地产开发有限公司,上海永升物业管理股份有限公司重庆分公司,3.15,3.02,35.0
320,金科黛山悦府,璧山,9000.0,50,重庆金帛藏房地产开发有限公司,重庆金科物业服务有限公司,2.5,2.0,35.0
321,保亿湖山鹿鸣,南岸,12000.0,50,保亿荣飞重庆房地产开发有限公司,浙江保亿物业服务股份有限公司重庆分公司,2.6,1.72,35.0
322,恒大山水城（涪陵）,涪陵,5600.0,50,恒大地产集团有限公司,金碧物业管理有限公司,1.6,2.2,35.0
323,新城朗隽大都会,渝北,18000.0,50,江苏新城悦控股有限公司,新城悦控股有限公司,3.5,2.11,30.0
324,招商雍璟城,渝北,14000.0,50,招商蛇口开发有限公司,招商物业服务有限公司,3.25,2.0,35.0
325,招商雍江府,巴南,9800.0,50,重庆招商依云房地产有限公司,招商局物业管理有限公司重庆分公司,2.5999999999999996,2.0,41.0
326,龙湖長滩原麓,渝北,,50,重庆两江新区龙湖新御置业发展有限公司,重庆新龙湖物业管理有限公司,3.8,1.0,35.0
327,龙湖春森彼岸五期,江北,22000.0,50,重庆北龙湖置地发展有限公司,重庆龙湖地产发展有限公司物业管理分公司,2.8,4.72,30.0
328,美的中骏云璟,渝北,13900.0,50,重庆美骏房地产开发有限公司,美的物业公司,3.3,1.92,50.0
329,大发熙悦書山境,巴南,10000.0,50,重庆融阙置业有限公司,大发物业管理有限公司,2.5,2.2,34.0
330,荣盛城,大渡口,11600.0,50,重庆荣钦房地产开发有限公司,荣盛物业,2.5,2.95,32.0
331,罗宾森广场尚城华府,渝中,,50,重庆罗宾森置业有限公司,住友创美物业,3.8,9.0,25.0
332,龙湖昱湖壹号,渝北,,50,重庆龙湖宜祥地产发展有限公司,重庆新龙湖物业服务有限公司,4.2,2.56,35.0
333,华润公园九里,渝北,17500.0,50,重庆天拓置业发展有限公司,华润物业管理公司,3.4000000000000004,1.5,33.0
334,金科金辉美院,北碚,14800.0,50,重庆金佳禾房地产开发有限公司,重庆金科物业管理有限公司,3.15,2.28,35.0
335,金科集美阳光,大渡口,13000.0,50,重庆金科兆基房地产开发有限公司,金科物业服务集团,2.75,3.0,35.0
336,永兆凌云阁,永川,7900.0,50,重庆远兆置业有限公司,重庆嘉岛物业管理有限公司,2.3499999999999996,2.3,35.0
337,协信敬澜山,巴南,11000.0,50,重庆远轩房地产开发有限公司,重庆天骄爱生活服务股份有限公司,2.9,2.0,35.0
338,泰德晟景台,渝北,,50,重庆泰德置业有限公司,龙湖物业服务集团有限公司,3.6,1.8,36.0
339,东原嘉阅湾,北碚,14000.0,50,重庆东原创博房地产开发有限公司,重庆新东原物业管理有限公司,2.6,1.6,35.0
340,凰城御府,永川,5000.0,50,重庆利安物业有限责任公司,利安物业,2.0,2.5,40.0
341,鹏润鹿山台,渝北,,50,重庆玉豪龙实业集团江麟房地产开发有限公司,重庆鹏润物业管理有限公司,2.8,1.6,30.0
342,东邦小悦湾,巴南,,50,重庆乐源房地产开发有限公司,重庆绿邦物业有限公司,2.1,2.73,30.0
343,北城空港天地,渝北,13000.0,50,重庆北城致远实业有限公司,重庆北城物业管理有限公司,2.2,2.11,35.0
344,珠江城,巴南,,50,重庆市汇景实业有限公司,重庆市珠江实业有限公司,2.9,1.78,35.0
345,中铁任之健康城,璧山,12000.0,50,重庆中铁任之养老产业有限公司,重庆中铁任之物业服务有限公司,3.25,2.5,41.0
346,美利花都,北碚,12500.0,50,重庆首恒房地产开发有限公司,重庆美利山物业服务有限公司,2.8,1.5,35.0
347,荣盛锦绣南山,巴南,,50,重庆荣盛鑫煜房地产开发有限公司,荣盛物业,2.65,1.92,36.0
348,阳光城,北碚,12000.0,50,重庆上善置地有限公司,重庆渝能物业管理有限公司,3.25,1.4,35.0
349,保利金香槟,九龙坡,12500.0,50,重庆葆盛房地产开发有限公司,保利物业公司,2.0,2.63,35.0
350,江州锦云,北碚,12640.0,50,重庆悦凯房地产开发有限公司,广州宁骏物业,3.9,1.5,30.0
351,阅璟山,九龙坡,15000.0,50,重庆盛东骏和房地产开发有限公司,重庆东原物业,2.9,2.0,35.0
352,财信中梁华府,江津,6000.0,50,重庆浩方房地产开发有限公司,中梁物业,2.2,3.0,30.0
353,梁平金科天誉,梁平,6300.0,50,重庆市金科骏志房地产开发有限公司,金科物业服务集团有限公司梁平分公司,2.2,2.0,10.0
354,佳兆业篆山熙园,江津,5800.0,50,重庆鼎铸实业发展有限公司,佳兆业物业,1.98,2.93,40.0
355,涪陵金科中央公园城,涪陵,5500.0,50,金科实业集团科润房地产开发有限公司,金科物业有限公司,1.9,2.14,35.0
356,恒森亲水台,万州,8500.0,70,陕西西咸新区秦汉新城铭盛立体城房地产开发有限公司,龙湖物业,2.7,1.77,38.0
357,金科博翠府,涪陵,8000.0,50,重庆中慧房地产开发有限公司,金科物业,2.25,2.0,35.0
358,中南紫云集,江津,5800.0,50,重庆福奥房地产开发有限公司,中南物业,1.87,2.8,30.0
359,东海印,九龙坡,13000.0,50,重庆东海汉辰房地产开发有限公司,财信智慧生活服务集团有限公司,3.25,2.5,30.0
360,约克郡北区,渝北,,50,重庆怡置房地产开发有限公司,第一太平戴维斯物业顾问有限公司,3.5,2.5,35.0
361,香林豪郡2期,渝北,16000.0,50,重庆久明置业有限公司,重庆宝山物业管理有限公司,2.4,2.0,30.0
362,首地江山赋,渝北,,50,重庆首地房地产开发有限公司,首地物业,2.5,2.6,30.0
363,中国摩,渝北,15000.0,50,重庆佳源立信置业有限公司，重庆佳源立信置业有限公司,浙江佳源物业服务集团有限公司,2.9,2.5,30.0
364,恒都世纪花城,綦江,4000.0,50,重庆恒都房地产开发有限公司,重庆海源物业管理有限公司,1.2,4.67,38.0
365,万科金开悦府,渝北,18000.0,50,重庆博科置业有限公司,成都万科物业服务有限公司,3.24,1.8,35.0
366,樾千山,渝北,15500.0,50,重庆金碧茂置业有限公司,碧桂园服务控股有限公司,3.5,2.0,35.0
367,中昂新天地,江津,6500.0,50,重庆中昂融通实业有限公司,中昂物业管理有限公司,2.25,3.18,30.0
368,仁能云的左岸,江津,5780.0,50,重庆仁能投资有限公司,重庆仁能物业,1.2,1.8,30.0
369,首创西江阅,九龙坡,6300.0,50,重庆昊华置业有限公司,北京首万物业服务有限公司,2.8,1.74,31.0
370,恒大御府,渝北,21000.0,50,恒大地产集团重庆有限公司,恒大金碧物业,3.8,2.0,30.0
371,致悦瞰山府,渝北,,50,重庆致悦实业有限公司,重庆天骄爱生活服务有限公司,3.5,1.66,30.0
372,华润澜山望,巴南,11300.0,50,华润置地(重庆)有限公司,华润物业管理有限公司,2.95,2.8,35.0
373,金科碧桂园旭辉千江凌云,巴南,10200.0,50,重庆金碧辉房地产开发有限公司,上海永升物业管理有限公司重庆分公司，金科物业服务集团,2.95,2.59,33.0
374,荣安明月江南,巴南,8000.0,50,重庆市康瀚置业有限公司,宁波荣安物业服务有限公司,2.6,2.92,30.0
375,美的荣安公园天下,巴南,14000.0,50,重庆美荣房地产开发有限公司,广东美的物业管理股份有限公司,3.0,2.0,35.0
376,悦麓山,巴南,13000.0,50,重庆金嘉海房地产开发有限公司,重庆市金科物业管理有限公司,3.05,2.5,35.0
377,华远海蓝城,巴南,13000.0,50,重庆筑华房地产开发有限公司,龙湖物业,3.05,2.7,34.0
378,洺悦城,巴南,9700.0,50,"重庆启润房地产开发有限公司,重庆澋悦房地产开发有限公司",中电建物业管理有限公司,2.9,3.3,35.0
379,金科博翠天悦,璧山,10500.0,50,重庆市璧山区金科众玺置业有限公司,金科物业服务集团有限公司,2.8,1.3,35.0
380,西永9号,沙坪坝,12000.0,50,重庆西都房地产开发有限公司,重庆龙湖物业有限公司,2.8,2.35,30.0
381,御景国际,永川,6400.0,50,重庆竣尊房地产开发有限公司,重庆斌鑫物业管理有限有限公司,1.8,1.79,40.0
382,麓铭府,巴南,13000.0,50,重庆金碧雅居房地产开发有限公司,雅居乐物业管理服务有限公司重庆分公司,3.05,2.5,35.0
383,晟凡兴龙湖一号,永川,5400.0,50,重庆晟凡置业有限公司,重庆广亨物业管理有限公司,1.5,3.0,36.0
384,保利观塘,南岸,,50,重庆葆方房地产开发有限公司,保利重庆物业管理有限公司,2.6,3.8,36.0
385,庆业九寨印象,江北,20000.0,50,重庆庆业置业有限公司,庆业物管有限公司,1.3,4.8,30.0
386,融创春晖十里,大渡口,,50,重庆融品汇智房地产开发有限公司,第一太平洋融科物业管理有限公司,2.5,3.0,35.0
387,爱普新鸿府,渝北,16000.0,50,重庆天江坤宸置业有限公司,重庆隆鑫物业管理有限公司,2.2,1.63,35.0
388,嘉裕国际社区,江津,6300.0,50,重庆市世纪嘉裕房地产发展有限公司,重庆市卡顿物业管理有限公司,1.5,1.86,40.0
389,港城印象,江北,12000.0,50,重庆利百旺房地产开发有限公司,重庆融臻物业管理有限公司,2.0,3.7,32.0
390,龙湖九里晴川,渝北,17000.0,50,重庆龙湖创佑地产发展有限公司,龙湖物业服务集团有限公司,3.8,2.0,30.0
391,联发龙洲湾1号,巴南,10000.0,50,联发集团重庆房地产开发有限公司,联发物业,2.4,1.92,30.0
392,北大资源悦来,渝北,,50,重庆悦丰地产有限公司,北大资源物业有限公司,3.2,1.6,30.0
393,朗基八俊里,巴南,,50,重庆朗淳实业有限公司,重庆腾基物业管理有限公司,2.6,1.9,35.0
394,万科金域华府,北碚,11200.0,50,重庆金域置业有限公司,万科物业有限公司,3.24,2.0,30.0
395,金茂国际生态新城,渝北,,50,重庆兴乾置业有限公司,中化金茂物业管理（北京）有限公司,2.7,2.78,31.0
396,鲁能星城外滩,江北,20000.0,50,重庆鲁能开发（集团）有限公司,重庆鲁能物业管理有限公司,3.9,3.6,25.0
397,碧桂园保利云禧,巴南,12500.0,50,重庆保南房地产开发有限公司,保利物业发展股份有限公司,2.95,2.39,35.0
398,北辰悦来壹号,渝北,15500.0,50,重庆北辰两江置业有限公司,万科物业有限公司,3.15,2.02,30.0
399,渝开发格莱美城,沙坪坝,11600.0,50,重庆渝开发股份有限公司,重庆渝开发物业有限公司,1.8,2.44,35.0
400,翡丽公园,沙坪坝,14500.0,50,重庆惠登房地产开发有限公司,阳光城物业公司,2.6,4.0,35.0
401,万瑞MARRIER金开都会HOUSE,渝北,13000.0,40,重庆润田房地产开发有限公司,仲量联行,6.0,3.0,30.0
402,龙湖景粼玖序,渝北,18500.0,50,重庆龙湖煦筑房地产开发有限公司,龙湖物业集团有限公司,3.65,2.0,35.0
403,奥园誉府,巴南,14000.0,50,重庆天投实业有限公司,广州奥园物业服务有限公司重庆分公司,2.9000000000000004,2.5,35.0
404,华宇龙州府,巴南,11300.0,50,重庆业瑞房地产开发有限公司,重庆华宇物业管理有限公司,2.6,2.5,35.0
405,万云府,沙坪坝,16000.0,50,重庆西联锦房地产开发有限公司,金科物业,3.4,2.5,30.0
406,万科森林公园,渝北,18000.0,50,重庆万翠置业有限公司,重庆万科物业服务有限公司,3.2,2.0,35.0
407,恒大绿岛新城,璧山,8400.0,50,恒大地产集团重庆有限公司,金碧物业管理有限公司,2.75,2.66,35.0
408,桂语九里,沙坪坝,15000.0,50,重庆绿华置业发展有限公司,华润置地（重庆）物业管理有限公司,3.4,2.5,35.0
409,富力院士廷,沙坪坝,,50,广州富力地产（重庆）有限公司,广州天力物业管理有限公司重庆分公司,2.8,3.6,30.0
410,龙湖开元,沙坪坝,16000.0,50,重庆龙湖景铭地产发展有限公司,龙湖物业,3.5,1.75,35.0
411,远洋合能枫丹江屿,南岸,14000.0,50,重庆合能美房地产开发有限公司,合能物业,3.15,2.0,30.0
412,中建滨江星城,巴南,9540.0,50,重庆宏展置业有限公司,中建三局,2.5,2.45,35.0
413,桥达千江樾,涪陵,8300.0,50,重庆桥达房地产开发有限公司,重庆市桥达物业有限公司,2.15,2.6,30.0
414,启迪协信重庆科技城,江北,15500.0,50,重庆协信远汇房地产开发有限公司,协信天骄物业,3.75,1.66,30.0
415,富力白鹭湾,璧山,8000.0,50,重庆嘉富房地产开发有限公司,重庆嘉富房地产开发有限公司,2.55,1.2,40.0
416,弘阳昕悦府,璧山,7000.0,50,重庆斗十千房地产开发有限公司,弘生活物业服务管理有限公司,2.6,2.81,35.0
417,恒大悦府,永川,6800.0,50,重庆中泰旅业发展有限责任公司,恒大金碧物业,2.5,1.19,35.0
418,世茂璀璨天城,渝北,16000.0,50,世茂房地产控股有限公司,上海南京世茂物业服务公司,2.5,2.5,30.0
419,龙湖椿山,北碚,15000.0,50,重庆龙湖地产发展有限公司,龙湖物业服务集团有限公司,3.6,1.14,35.0
420,中央雲璟,渝北,19000.0,50,重庆央鼎置业有限公司（保利发展、中国金茂、新希望、正荣合著联合开发）,保利物业公司,3.8,1.79,35.0
421,绿地万萃城,万州,7000.0,50,绿地集团重庆申万房地产开发有限公司,嘉城新悦物业,2.25,2.0,34.0
422,金辉湖山云著,梁平,6500.0,50,重庆金辉星耀房地产开发有限公司,北京金辉锦江物业服务有限公司重庆分公司,2.2,2.45,30.0
423,旭辉江山青林半,巴南,11000.0,50,重庆昌赫房地产开发有限公司,上海永升物业管理有限公司重庆分公司,2.2,1.95,35.0
424,江山雲出,渝北,20000.0,50,重庆旭辉华锦房地产开发有限公司,永升物业,3.8,2.4,30.0
425,雅居乐滨爵府,渝北,19000.0,50,重庆雅锦房地产开发有限公司,雅居乐雅生活服务股份有限公司重庆分公司,4.0,1.35,35.0
426,新城玺樾九里,巴南,11700.0,50,重庆天联置业有限责任公司,新城悦物业,2.4,2.1,35.0
427,御璟悦来,渝北,,50,重庆华辉盛锦房地产开发有限公司,华宇第一太平戴维斯,3.5,2.5,35.0
428,云山晓,巴南,8500.0,50,重庆寰峰房地产开发有限公司,上海永升物业管理有限公司重庆分公司,2.55,2.5,30.0
429,保利大国璟,巴南,9500.0,50,保利（重庆）投资实业有限公司,保利重庆物业管理有限公司,3.05,1.8,35.0
430,皇冠国际,南岸,30000.0,50,重庆浦辉房地产开发有限公司,重庆晓月物业管理公司,3.2,3.83,30.0
431,奇峰云邸,沙坪坝,12500.0,50,重庆奇峰物业（集团）有限公司,重庆奇峰物业（集团）有限公司,2.5,1.1,45.0
432,津辉半山府邸,江津,8000.0,50,重庆津辉投资控股 (集团)有限公司,重庆金科物业服务有限公司,2.2,1.99,30.0
433,中铁万国城,南岸,15000.0,50,中铁二十局集团房地产开发有限公司,重庆秦渝物业管理有限公司,1.9,2.0,30.0
434,协信星澜汇,巴南,10000.0,50,协信（控股）集团,重庆协信天骄物业管理公司,3.3,1.75,35.0
435,光亮天润城,北碚,11000.0,50,重庆市丰沛地产开发有限公司,龙湖物业,3.6,1.5,35.0
436,华宇锦绣花城,九龙坡,13500.0,50,重庆华宇集团有限公司,华宇物业公司,3.5,1.9,40.0
437,中交漫山,南岸,14000.0,50,重庆中房嘉润房地产开发有限公司,重庆中交物业管理有限公司,2.9,1.33,35.0
438,鲁能泰山7号,渝北,,50,重庆鲁能开发(集团)有限公司,重庆鲁能物业服务有限公司,3.0,2.88,35.0
439,尚江宸溪香苑,九龙坡,4800.0,50,重庆尚江宸置业有限公司,民生物业,1.1,2.0,35.0
440,绿地海域,涪陵,6800.0,50,重庆绿地海域房地产开发有限公司,重庆洪山物业管理有限公司,1.65,2.4,35.0
441,春风与湖,九龙坡,,50,重庆春风地产有限公司,重庆春润物业管理公司,2.4,4.18,40.0
442,东原桐麓,巴南,,50,重庆东原睿合置业有限公司,重庆新东原物业管理有限公司,2.2,2.06,30.0
443,奥园盘龙壹号,九龙坡,,50,重庆锦奥置业有限公司,重庆穗奥物业管理有限公司,2.0,3.88,30.0
444,华润二十四城,九龙坡,,50,华润置地(重庆)有限公司,华润物业管理公司,3.55,4.17,50.0
445,揽江雅苑,渝中,,50,重庆九久房地产开发有限公司,重庆雨轩物业管理有限公司,1.3,1.6,40.0
446,中昂锦绣,巴南,,50,重庆中昂地产有限公司,中昂物业管理有限公司,1.6,3.0,30.0
447,金悦熙城,九龙坡,,50,金融街重庆融玺置业有限公司,北京金融街第一太平戴维斯物业管理有限公司,2.0,4.5,25.0
448,北大资源燕南,九龙坡,,50,重庆方源盈润置业有限公司,北大资源集团北京方诚物业经营管理有限公司,2.6,3.7,35.0
449,上丁跃世界,巴南,,50,重庆派克房地产开发有限公司,重庆西信物业管理有限公司,1.875,2.07,30.0
450,华侨城嘉陵江天,渝北,16500.0,50,重庆卉森置业有限公司,深圳华侨城物业服务有限公司-重庆分公司,3.8,2.43,30.0
451,祥瑞城,江津,6600.0,50,重庆祥瑞房地产集团有限公司,重庆祥瑞物业管理有限公司,1.9,2.5,30.0
452,融创瀚学融府,渝北,13000.0,50,重庆两江新区新亚航实业有限公司,重庆融创物业管理有限公司,2.8,2.5,30.0
453,琅樾江山,大渡口,13800.0,50,重庆亿臻房地产开发有限公司,金科物业,2.8,2.6,30.0
454,中洲半岛城邦,大渡口,12500.0,50,重庆洲立房地产有限公司,深圳市中洲物业管理有限公司重庆分公司,2.85,2.39,35.0
455,首钢鎏雲大道,北碚,9600.0,50,重庆首恒房地产开发有限公司,重庆美利山物业服务有限公司,2.8,2.67,30.0
456,春风十里,九龙坡,8200.0,50,重庆独帆房地产开发有限公司,重庆春润物业服务有限公司,2.2,2.0,30.0
457,象屿公园悦府,九龙坡,18500.0,50,重庆象屿置业有限公司,重庆象屿物业服务责任有限公司,3.0,3.5,30.0
458,金科禹洲府,渝北,13500.0,50,重庆通融实业有限公司,金科物业服务集团有限公司,3.15,1.93,35.0
459,中粮中央公园祥云,渝北,19000.0,50,重庆泽悦实业有限公司,中粮物业,3.4000000000000004,2.52,32.0
460,重庆来福士广场,渝中,33000.0,70,重庆凯德古渝雄关置业有限公司,戴德梁行公司,8.0,12.0,25.0
461,俊峰香格里拉,沙坪坝,,50,重庆俊峰置业有限公司,丰驰物业、世邦魏理仕,2.5,1.2,36.0
462,恒大麓山湖,大渡口,14000.0,50,重庆贝蒙世晖置地有限公司,恒大金碧物业,2.8,0.86,35.0
463,鲁能北渝星城,北碚,9500.0,50,重庆鲁能（集团）开发有限公司,重庆鲁能物业管理有限公司,2.9,2.8,30.0
464,芸峰兰亭,巴南,9600.0,50,重庆亿超置业发展有限公司,重庆岭寓物业有限公司,2.5,1.6,30.0
465,天泰钢城印象,大渡口,,50,重庆天泰房地产开发有限责任公司,重庆汇优物业管理有限责任公司,2.1,3.3,35.0
466,远洋九公子,渝北,17500.0,50,重庆远香房地产开发有限公司,重庆腾基物业有限公司,3.3,2.0,40.0
467,南滨特区,南岸,,50,重庆洋世达实业（集团）有限公司,重庆洋世达物业有限公司,3.8,3.03,35.0
468,中亿阳明山水,江北,19300.0,50,重庆中亿置地有限公司,重庆中亿物业管理有限公司,1.4,2.0,50.0
469,万科御澜道,江北,,50,万科（重庆）房地产有限公司（重庆溪畔置业有限公司）,万科物业管理有限公司重庆分公司,3.88,4.5,40.0
470,蓝光公园华府,沙坪坝,,50,重庆南方集团有限公司,蓝光嘉宝物业公司,2.8,3.71,30.0
471,金地自在城,大渡口,12000.0,50,重庆金地琅泽置业有限公司,金地物业,2.9,2.66,35.0
472,联发西城首府,大渡口,12100.0,50,重庆联筑房地产开发有限公司,联发集团联发物业公司,3.05,2.36,35.0
473,中海九龙天颂,九龙坡,22000.0,50,重庆中海海盛房地产开发有限公司,重庆中海海盛房地产开发有限公司,3.5,3.01,32.0
474,万科金域华庭,沙坪坝,14000.0,50,重庆峰畔置业有限公司,成都万科物业服务有限公司重庆分公司,2.9,6.9,35.0
475,碧桂园中俊天玺,渝北,17000.0,50,重庆碧桂园中俊房地产开发有限公司,广东碧桂园物业服务股份有限公司重庆分公司,3.3,1.5,35.0
476,金科美的碧桂园金辉曲建礼悦江山,渝北,,50,"重庆市碧桂园房地产开发有限公司,重庆金科房地产开发有限公司,重庆金辉房地产开发有限公司",广东碧桂园物业服务股份有限公司重庆分公司,3.3,1.8,30.0
477,国瑞御府,渝北,13000.0,50,重庆国瑞阳光置业有限公司,重庆国瑞物业管理有限公司,3.5,1.31,30.0
478,龙兴国际生态新城,渝北,14000.0,50,重庆茂秀置业有限公司,中化金茂物业管理（北京）有限公司重庆分公司,4.3,1.0,60.0
479,新城金樾府,巴南,9000.0,50,重庆铭睿房地产开发有限公司,新城物业,2.8499999999999996,2.3,35.0
480,金科集美嘉悦,北碚,15000.0,50,重庆金科汇茂房地产开发有限公司,重庆金科物业服务有限公司,3.15,3.18,35.0
481,恒大新城,巴南,11000.0,50,恒大地产集团重庆有限公司,金碧物业管理有限公司,2.8499999999999996,2.3,30.0
482,华商悦江府,渝北,14900.0,50,重庆华景域房地产开发有限公司,自贡华商物业有限公司重庆分公司,3.3,2.06,30.0
483,金辉中央铭著,渝北,21000.0,50,重庆金辉长江房地产有限公司,重庆金辉锦江物业服务有限公司,4.0,2.77,35.0
484,协信天骄星城,巴南,12500.0,50,重庆远清房地产开发有限公司,重庆天骄爱生活服务股份有限公司,2.4,3.26,30.0
485,华宇观澜华府,大渡口,14000.0,50,重庆业瑞房地产开发有限公司,重庆华宇物业服务有限公司,2.75,3.53,35.0
486,和泓文华府,巴南,10600.0,50,重庆恒拓置业有限公司,重庆和泓物业服务有限公司,2.6,2.5,30.0
487,融创碧桂园望江府,渝北,17500.0,50,重庆市碧桂园房地产开发有限公司,重庆融碧物业服务有限公司,4.5,1.53,35.0
488,北京城建龙樾生态城,渝北,16000.0,50,北京城建重庆地产有限公司,北京城建重庆物业管理有限公司,3.5,2.47,35.0
489,印江州,九龙坡,24000.0,50,重庆盛资房地产开发有限公司,重庆旭原天澄物业管理有限公司,3.5,3.7,30.0
490,北大资源博雅,渝北,,50,"重庆盈普投资有限公司,重庆盈睿投资有限公司",北大资源集团北京方诚物业经营管理有限公司,4.0,1.44,35.0
491,西海岸凯悦,九龙坡,6000.0,50,重庆谷瑞地产有限公司,重庆泰华物业管理有限公司,2.2,3.0,30.0
492,重庆融创文旅城,沙坪坝,13500.0,50,重庆万达城投资有限公司,重庆融创物业管理有限公司,2.5,3.99,30.0
493,梵悦天御,江北,34000.0,50,重庆鹏汇房地产有限公司,梵诚物业,4.5,3.2,22.0
494,绿地海外滩,江北,,50,重庆绿地申浦房地产开发有限公司,长城物业管理有限公司,2.7,2.7,35.0
495,上邦高尔夫温泉公馆,九龙坡,10000.0,50,重庆隆鑫地产（集团）有限公司,重庆隆鑫物业管理有限公司,3.0,0.77,40.0
496,佳兆业滨江新城,大渡口,14000.0,50,重庆佳兆业房地产开发有限公司,重庆佳兆业物业管理有限公司,2.5999999999999996,2.99,34.0
497,公园大道,渝北,19500.0,50,重庆怡置招商房地产开发有限公司,招商局物业管理有限公司重庆分公司,3.2,2.0,35.0
498,日月光解放碑1号R3,渝中,30000.0,50,重庆鼎固房地产开发有限公司,重庆天骄物业管理有限公司,3.9,17.43,20.0
499,巴比亚半山,巴南,,50,重庆威特嘉实业有限公司,重庆巴比亚物业管理公司,1.3,2.0,43.0
